昭夫,1,Akio
大地,1,Daichi
大輝,1,Daiki
大輔,1,Daisuke
大樹,1,Hiroki
寛,1,Hiroshi
勇,1,Isamu
海斗,1,Kaito
克己,1,Katsumi
一樹,1,Kazuki
和也,1,Kazuya
恵介,1,Keisuke
健太,1,Kenta
健三,1,Kenzo
清,1,Kiyoshi
康平,1,Kouhei
誠,1,Makoto
学,1,Manabu
正博,1,Masahiro
正男,1,Masao
勝,1,Masaru
実,1,Minoru
直樹,1,Naoki
延,1,Nobu
修,1,Osamu
蓮,1,Ren
陸,1,Riku
涼,1,Ryo
三郎,1,Saburo
茂,1,Shigeru
真,1,Shin
真一,1,Shinichi
四郎,1,Shiro
翔,1,Shou
翔太,1,Shouta
駿,1,Shun
颯太,1,Souta
進,1,Susumu
正,1,Tadashi
大輝,1,Taiki
孝,1,Takashi
丈夫,1,Takeo
武,1,Takeru
匠,1,Takumi
拓也,1,Takuya
哲也,1,Tetsuya
翼,1,Tsubasa
剛,1,Tsuyoshi
義雄,1,Yoshio
豊,1,Yutaka
雄大,1,Yuudai